Time_Stamp,Age
2018-06-21 12:31,10 and Under
2018-06-21 12:35,11-17 years
2018-06-21 12:37,18+
2018-06-21 12:47,10 and Under
2018-06-21 12:52,Skip
2018-06-21 13:01,18+
2018-06-21 13:08,10 and Under
2018-06-21 13:14,11-17 years
2018-06-21 13:21,10 and Under
2018-06-21 13:25,11-17 years
2018-06-22 10:10,18+
2018-06-22 10:23,11-17 years
2018-06-22 10:28,10 and Under
2018-06-22 11:01,Skip
2018-06-22 11:04,Skip
2018-06-22 11:21,18+
2018-06-22 11:23,10 and Under
2018-06-22 11:25,10 and Under
2018-06-22 11:27,18+
2018-06-22 11:29,10 and Under
2018-06-22 11:37,10 and Under
2018-06-22 11:51,10 and Under
2018-06-22 12:01,18+
2018-06-22 12:08,18+
2018-06-22 12:30,10 and Under
2018-06-22 12:57,18+
2018-06-22 13:17,18+
2018-06-22 13:22,Skip
2018-06-22 13:25,10 and Under
2018-06-22 13:37,18+
2018-06-22 13:46,10 and Under
2018-06-22 13:50,10 and Under
2018-06-22 13:57,11-17 years
2018-06-22 13:59,10 and Under
2018-06-22 14:11,18+
2018-06-22 14:16,Skip
2018-06-22 14:23,18+
2018-06-23 10:07,Skip
2018-06-23 10:31,18+
2018-06-23 10:43,18+
2018-06-23 10:55,11-17 years
2018-06-23 11:19,Skip
2018-06-23 12:00,10 and Under
2018-06-23 13:22,10 and Under
2018-06-23 13:24,10 and Under
2018-06-23 13:45,11-17 years
2018-06-23 13:47,11-17 years
2018-06-23 13:53,18+
2018-06-23 13:59,10 and Under
2018-06-23 14:07,18+
2018-06-23 14:25,Skip
2018-06-23 14:33,Skip
2018-06-23 14:55,Skip
2018-06-23 15:00,10 and Under
2018-06-24 10:12,Skip
2018-06-24 10:42,10 and Under
2018-06-24 11:07,10 and Under
2018-06-24 11:10,18+
2018-06-24 11:27,Skip
2018-06-24 11:45,11-17 years
2018-06-24 12:50,Skip
2018-06-24 13:12,18+
2018-06-24 13:21,Skip
2018-06-24 13:22,Skip
2018-06-24 13:58,10 and Under
2018-06-24 14:13,18+
2018-06-24 14:21,10 and Under
2018-06-24 14:47,11-17 years
2018-06-24 14:48,11-17 years
2018-06-24 15:01,10 and Under
2018-06-25 10:12,Skip
2018-06-25 10:25,11-17 years
2018-06-25 11:16,10 and Under
2018-06-25 11:45,Skip
2018-06-25 11:51,18+
2018-06-25 12:43,10 and Under
2018-06-25 12:54,10 and Under
2018-06-25 13:11,11-17 years
2018-06-25 13:13,10 and Under
2018-06-25 13:47,10 and Under
2018-06-25 14:16,18+
2018-06-25 14:18,Skip
2018-06-25 14:49,10 and Under
2018-06-26 10:23,18+
2018-06-26 10:39,11-17 years
2018-06-26 11:01,Skip
2018-06-26 11:09,Skip
2018-06-26 11:10,18+
2018-06-26 11:19,11-17 years
2018-06-26 11:23,11-17 years
2018-06-26 11:51,10 and Under
2018-06-26 11:54,10 and Under
2018-06-26 12:14,18+
2018-06-26 12:21,18+
2018-06-26 12:24,10 and Under
2018-06-26 12:34,10 and Under
2018-06-26 12:39,10 and Under
2018-06-26 12:54,Skip
2018-06-26 13:04,10 and Under
2018-06-26 13:22,11-17 years
2018-06-26 13:26,10 and Under
2018-06-26 13:39,18+
2018-06-26 13:58,10 and Under
2018-06-26 14:49,18+
2018-06-27 10:53,10 and Under
2018-06-27 10:57,10 and Under
2018-06-27 11:36,11-17 years
2018-06-27 12:19,11-17 years
2018-06-27 12:35,10 and Under
2018-06-27 13:12,11-17 years
2018-06-27 13:17,18+
2018-06-27 13:27,18+
2018-06-27 13:52,11-17 years
2018-06-27 13:57,18+
2018-06-27 14:04,10 and Under
2018-06-27 14:19,Skip
2018-06-27 14:51,10 and Under
2018-06-28 10:43,11-17 years
2018-06-28 10:47,10 and Under
2018-06-28 10:59,18+
2018-06-28 11:01,18+
2018-06-28 11:08,18+
2018-06-28 11:21,11-17 years
2018-06-28 11:40,Skip
2018-06-28 12:02,Skip
2018-06-28 12:19,11-17 years
2018-06-28 12:22,11-17 years
2018-06-28 12:27,10 and Under
2018-06-28 12:47,11-17 years
2018-06-28 12:49,18+
2018-06-28 12:58,11-17 years
2018-06-28 13:05,10 and Under
2018-06-28 13:07,10 and Under
2018-06-28 13:21,Skip
2018-06-28 13:40,11-17 years
2018-06-28 13:48,Skip
2018-06-28 14:21,11-17 years
2018-06-28 14:34,10 and Under
2018-06-28 14:36,10 and Under
2018-06-28 14:49,18+
2018-06-29 10:33,18+
2018-06-29 11:15,10 and Under
2018-06-29 11:20,Skip
2018-06-29 12:21,18+
2018-06-29 14:17,11-17 years
2018-06-29 14:26,Skip
2018-06-30 10:01,11-17 years
2018-06-30 10:13,11-17 years
2018-06-30 10:36,10 and Under
2018-06-30 10:43,11-17 years
2018-06-30 11:16,11-17 years
2018-06-30 11:31,Skip
2018-06-30 11:52,Skip
2018-06-30 12:06,18+
2018-06-30 12:24,10 and Under
2018-06-30 12:40,11-17 years
2018-06-30 12:58,Skip
2018-06-30 13:13,10 and Under
2018-06-30 13:29,11-17 years
2018-06-30 13:37,10 and Under
2018-06-30 13:44,Skip
2018-06-30 13:48,10 and Under
2018-06-30 13:50,11-17 years
2018-06-30 13:52,10 and Under
2018-06-30 13:53,18+
2018-06-30 13:54,10 and Under
2018-06-30 13:57,18+
2018-06-30 13:59,18+
2018-06-30 14:05,18+
2018-06-30 14:15,11-17 years
2018-06-30 14:28,11-17 years
2018-06-30 14:30,10 and Under
2018-06-30 14:43,11-17 years
2018-06-30 14:52,18+
2018-06-30 14:55,10 and Under
2018-06-30 15:01,18+
2018-06-30 15:05,10 and Under
2018-07-01 09:51,18+
2018-07-01 09:56,18+
2018-07-01 10:01,11-17 years
2018-07-01 10:07,18+
2018-07-01 10:22,Skip
2018-07-01 11:12,Skip
2018-07-01 11:16,18+
2018-07-01 12:05,Skip
2018-07-01 12:09,11-17 years
2018-07-01 12:15,18+
2018-07-01 12:19,18+
2018-07-01 12:24,Skip
2018-07-01 12:52,11-17 years
2018-07-01 12:55,Skip
2018-07-01 13:00,Skip
2018-07-01 13:26,18+
2018-07-01 13:34,10 and Under
2018-07-01 13:49,10 and Under
2018-07-01 13:59,11-17 years
2018-07-01 14:10,11-17 years
2018-07-01 14:21,18+
2018-07-02 10:23,10 and Under
2018-07-02 10:39,Skip
2018-07-02 11:03,10 and Under
2018-07-02 11:17,18+
2018-07-02 11:24,18+
2018-07-02 11:37,Skip
2018-07-02 11:49,10 and Under
2018-07-02 11:55,11-17 years
2018-07-02 12:00,18+
2018-07-02 12:59,18+
2018-07-02 13:07,Skip
2018-07-02 13:09,Skip
2018-07-02 13:10,10 and Under
2018-07-02 13:15,10 and Under
2018-07-02 13:29,10 and Under
2018-07-02 13:37,18+
2018-07-02 13:45,18+
2018-07-02 13:50,11-17 years
2018-07-02 14:06,18+
2018-07-02 14:16,18+
2018-07-02 14:34,10 and Under
2018-07-02 14:45,Skip
2018-07-02 14:47,10 and Under
2018-07-02 14:50,Skip
2018-07-03 10:09,Skip
2018-07-03 10:13,11-17 years
2018-07-03 10:14,Skip
2018-07-03 10:17,Skip
2018-07-03 10:54,10 and Under
2018-07-03 11:00,18+
2018-07-03 11:42,11-17 years
2018-07-03 11:51,Skip
2018-07-03 11:57,10 and Under
2018-07-03 12:01,10 and Under
2018-07-03 12:11,Skip
2018-07-03 12:19,11-17 years
2018-07-03 12:35,Skip
2018-07-03 12:49,18+
2018-07-03 13:06,18+
2018-07-03 13:15,10 and Under
2018-07-03 13:17,10 and Under
2018-07-03 13:30,10 and Under
2018-07-03 13:36,10 and Under
2018-07-03 13:45,10 and Under
2018-07-03 13:53,18+
2018-07-03 14:06,18+
2018-07-03 14:23,10 and Under
2018-07-03 14:25,11-17 years
2018-07-03 14:39,18+
2018-07-03 14:43,18+
2018-07-03 14:51,10 and Under
2018-07-04 10:45,Skip
2018-07-04 10:46,11-17 years
2018-07-04 11:00,10 and Under
2018-07-04 11:22,11-17 years
2018-07-04 11:29,Skip
2018-07-04 11:44,11-17 years
2018-07-04 11:54,11-17 years
2018-07-04 11:58,Skip
2018-07-04 12:04,10 and Under
2018-07-04 12:12,10 and Under
2018-07-04 12:14,18+
2018-07-04 12:28,18+
2018-07-04 12:36,18+
2018-07-04 12:44,18+
2018-07-04 13:41,10 and Under
2018-07-04 14:01,11-17 years
2018-07-04 14:05,18+
2018-07-04 14:07,11-17 years
2018-07-04 14:10,11-17 years
2018-07-04 14:18,18+
2018-07-04 14:25,11-17 years
2018-07-04 14:30,11-17 years
2018-07-05 10:09,10 and Under
2018-07-05 10:21,11-17 years
2018-07-05 10:28,18+
2018-07-05 10:40,11-17 years
2018-07-05 10:43,18+
2018-07-05 10:57,10 and Under
2018-07-05 10:59,10 and Under
2018-07-05 11:04,11-17 years
2018-07-05 11:06,10 and Under
2018-07-05 11:10,10 and Under
2018-07-05 11:11,11-17 years
2018-07-05 11:15,10 and Under
2018-07-05 11:17,11-17 years
2018-07-05 11:25,11-17 years
2018-07-05 11:29,18+
2018-07-05 11:37,11-17 years
2018-07-05 11:57,10 and Under
2018-07-05 12:23,10 and Under
2018-07-05 12:28,10 and Under
2018-07-05 12:36,10 and Under
2018-07-05 12:40,11-17 years
2018-07-05 12:54,18+
2018-07-05 12:59,10 and Under
2018-07-05 13:37,11-17 years
2018-07-05 13:46,18+
2018-07-05 13:54,10 and Under
2018-07-05 14:01,18+
2018-07-05 14:12,Skip
2018-07-05 14:20,11-17 years
2018-07-06 10:22,18+
2018-07-06 10:26,10 and Under
2018-07-06 10:47,18+
2018-07-06 10:53,10 and Under
2018-07-06 10:56,10 and Under
2018-07-06 11:17,18+
2018-07-06 11:29,18+
2018-07-06 11:37,18+
2018-07-06 11:42,18+
2018-07-06 11:52,11-17 years
2018-07-06 12:00,18+
2018-07-06 12:16,10 and Under
2018-07-06 12:17,Skip
2018-07-06 12:19,Skip
2018-07-06 12:22,10 and Under
2018-07-06 12:26,Skip
2018-07-06 12:33,11-17 years
2018-07-06 12:47,11-17 years
2018-07-06 13:02,18+
2018-07-06 13:12,11-17 years
2018-07-06 13:17,10 and Under
2018-07-06 13:22,Skip
2018-07-06 13:25,Skip
2018-07-06 13:34,18+
2018-07-06 13:42,11-17 years
2018-07-06 13:53,11-17 years
2018-07-06 14:14,11-17 years
2018-07-06 14:23,18+
2018-07-07 10:38,18+
2018-07-07 11:26,11-17 years
2018-07-07 11:45,11-17 years
2018-07-07 11:51,Skip
2018-07-07 12:04,18+
2018-07-07 12:08,18+
2018-07-07 12:23,10 and Under
2018-07-07 12:26,11-17 years
2018-07-07 12:34,18+
2018-07-07 12:40,18+
2018-07-07 12:42,18+
2018-07-07 12:45,18+
2018-07-07 12:49,Skip
2018-07-07 12:51,10 and Under
2018-07-07 13:31,18+
2018-07-07 13:33,18+
2018-07-07 13:35,18+
2018-07-07 14:06,18+
2018-07-07 14:19,Skip
2018-07-07 14:35,18+
2018-07-07 14:45,Skip
2018-07-07 14:48,11-17 years
2018-07-07 14:49,11-17 years
2018-07-08 10:25,18+
2018-07-08 11:01,11-17 years
2018-07-08 11:37,Skip
2018-07-08 12:02,10 and Under
2018-07-08 12:16,18+
2018-07-08 12:23,18+
2018-07-08 13:36,18+
2018-07-08 13:46,18+
2018-07-08 13:59,18+
2018-07-08 14:01,18+
2018-07-08 14:08,10 and Under
2018-07-08 14:10,18+
2018-07-08 14:11,18+
2018-07-08 14:38,18+
2018-07-08 14:45,11-17 years
2018-07-08 14:48,18+
2018-07-09 10:31,11-17 years
2018-07-09 10:39,11-17 years
2018-07-09 10:55,10 and Under
2018-07-09 10:58,18+
2018-07-09 11:07,11-17 years
2018-07-09 11:14,11-17 years
2018-07-09 11:21,18+
2018-07-09 11:51,18+
2018-07-09 11:53,10 and Under
2018-07-09 11:57,11-17 years
2018-07-09 12:35,10 and Under
2018-07-09 13:10,Skip
2018-07-09 13:18,10 and Under
2018-07-09 13:20,10 and Under
2018-07-09 13:35,10 and Under
2018-07-09 13:59,10 and Under
2018-07-09 14:02,18+
2018-07-09 14:22,Skip
2018-07-09 14:31,11-17 years
2018-07-09 14:35,11-17 years
2018-07-09 14:37,18+
2018-07-09 14:38,10 and Under
2018-07-09 14:39,11-17 years
2018-07-09 14:54,11-17 years
2018-07-10 10:34,10 and Under
2018-07-10 10:52,11-17 years
2018-07-10 10:53,10 and Under
2018-07-10 11:09,10 and Under
2018-07-10 11:14,Skip
2018-07-10 11:15,11-17 years
2018-07-10 12:12,Skip
2018-07-10 12:14,11-17 years
2018-07-10 12:22,11-17 years
2018-07-10 12:31,18+
2018-07-10 12:35,11-17 years
2018-07-10 12:44,11-17 years
2018-07-10 13:06,Skip
2018-07-10 13:49,18+
2018-07-10 14:13,10 and Under
2018-07-10 14:15,10 and Under
2018-07-10 14:37,Skip
2018-07-10 15:05,18+
2018-07-10 15:06,Skip
2018-07-11 10:28,Skip
2018-07-11 10:41,11-17 years
2018-07-11 10:41,18+
2018-07-11 10:42,10 and Under
2018-07-11 10:42,11-17 years
2018-07-11 10:44,10 and Under
2018-07-11 11:13,10 and Under
2018-07-11 11:19,11-17 years
2018-07-11 11:23,18+
2018-07-11 11:40,18+
2018-07-11 11:46,18+
2018-07-11 12:15,Skip
2018-07-11 12:18,11-17 years
2018-07-11 12:25,10 and Under
2018-07-11 12:40,11-17 years
2018-07-11 12:59,18+
2018-07-11 13:35,18+
2018-07-11 13:57,18+
2018-07-11 18:43,10 and Under
2018-07-11 19:38,10 and Under
2018-07-11 20:13,18+
2018-07-12 10:19,Skip
2018-07-12 10:44,Skip
2018-07-12 10:46,10 and Under
2018-07-12 10:49,Skip
2018-07-12 10:51,18+
2018-07-12 12:09,10 and Under
2018-07-12 12:42,Skip
2018-07-12 12:44,10 and Under
2018-07-12 12:47,10 and Under
2018-07-12 12:55,10 and Under
2018-07-12 12:55,10 and Under
2018-07-12 13:04,Skip
2018-07-12 13:05,10 and Under
2018-07-12 13:11,10 and Under
2018-07-12 13:26,Skip
2018-07-12 13:40,10 and Under
2018-07-12 13:55,11-17 years
2018-07-12 13:57,18+
2018-07-12 14:08,18+
2018-07-12 14:45,10 and Under
2018-07-12 14:50,18+
2018-07-12 14:53,Skip
2018-07-12 14:54,11-17 years
2018-07-12 14:54,Skip
2018-07-12 14:58,Skip
2018-07-13 11:07,10 and Under
2018-07-13 11:23,11-17 years
2018-07-13 11:26,Skip
2018-07-13 11:32,11-17 years
2018-07-13 11:47,10 and Under
2018-07-13 12:25,18+
2018-07-13 12:38,Skip
2018-07-13 13:14,18+
2018-07-13 13:22,10 and Under
2018-07-13 13:27,10 and Under
2018-07-13 13:31,18+
2018-07-13 13:54,18+
2018-07-13 13:57,11-17 years
2018-07-13 14:05,10 and Under
2018-07-13 14:31,10 and Under
2018-07-13 14:34,10 and Under
2018-07-13 14:47,Skip
2018-07-13 14:58,10 and Under
2018-07-14 10:15,11-17 years
2018-07-14 10:35,11-17 years
2018-07-14 10:45,18+
2018-07-14 10:47,11-17 years
2018-07-14 10:59,18+
2018-07-14 11:03,11-17 years
2018-07-14 11:07,11-17 years
2018-07-14 11:26,10 and Under
2018-07-14 11:35,10 and Under
2018-07-14 12:06,18+
2018-07-14 12:27,18+
2018-07-14 12:28,10 and Under
2018-07-14 12:34,11-17 years
2018-07-14 12:49,10 and Under
2018-07-14 12:53,10 and Under
2018-07-14 12:57,18+
2018-07-14 13:04,11-17 years
2018-07-14 13:09,10 and Under
2018-07-14 13:29,10 and Under
2018-07-14 13:31,10 and Under
2018-07-14 13:38,18+
2018-07-14 13:41,11-17 years
2018-07-14 13:46,18+
2018-07-14 14:12,18+
2018-07-14 14:15,18+
2018-07-14 14:18,18+
2018-07-14 14:35,18+
2018-07-14 14:44,11-17 years
2018-07-14 14:56,18+
2018-07-14 15:00,10 and Under
2018-07-14 15:01,11-17 years
2018-07-14 15:05,18+
2018-07-15 10:54,10 and Under
2018-07-15 11:09,11-17 years
2018-07-15 11:23,11-17 years
2018-07-15 11:32,Skip
2018-07-15 11:55,10 and Under
2018-07-15 12:00,18+
2018-07-15 12:07,10 and Under
2018-07-15 12:13,18+
2018-07-15 12:15,18+
2018-07-15 12:43,18+
2018-07-15 12:57,18+
2018-07-15 13:05,10 and Under
2018-07-15 13:22,18+
2018-07-15 13:30,18+
2018-07-15 13:35,11-17 years
2018-07-15 13:48,18+
2018-07-15 13:49,10 and Under
2018-07-15 13:58,Skip
2018-07-15 14:07,10 and Under
2018-07-15 14:28,Skip
2018-07-15 14:40,18+
2018-07-15 14:56,Skip
2018-07-16 10:36,10 and Under
2018-07-16 11:19,18+
2018-07-16 11:21,10 and Under
2018-07-16 11:22,11-17 years
2018-07-16 11:49,18+
2018-07-16 12:01,18+
2018-07-16 12:03,10 and Under
2018-07-16 12:20,11-17 years
2018-07-16 12:29,10 and Under
2018-07-16 12:41,Skip
2018-07-16 12:52,18+
2018-07-16 12:55,10 and Under
2018-07-16 13:00,10 and Under
2018-07-16 13:02,10 and Under
2018-07-16 13:03,10 and Under
2018-07-16 13:16,18+
2018-07-16 13:50,Skip
2018-07-16 13:56,11-17 years
2018-07-16 14:26,11-17 years
2018-07-16 14:39,11-17 years
2018-07-16 14:50,11-17 years
2018-07-17 10:34,10 and Under
2018-07-17 10:37,10 and Under
2018-07-17 10:47,18+
2018-07-17 10:53,Skip
2018-07-17 11:15,18+
2018-07-17 11:16,18+
2018-07-17 11:24,18+
2018-07-17 11:33,10 and Under
2018-07-17 11:44,Skip
2018-07-17 11:48,10 and Under
2018-07-17 11:50,18+
2018-07-17 12:02,10 and Under
2018-07-17 12:03,11-17 years
2018-07-17 12:06,18+
2018-07-17 12:07,11-17 years
2018-07-17 12:18,11-17 years
2018-07-17 12:29,10 and Under
2018-07-17 12:39,Skip
2018-07-17 13:20,Skip
2018-07-17 13:38,18+
2018-07-17 13:50,Skip
2018-07-17 13:54,18+
2018-07-17 14:12,10 and Under
2018-07-17 14:33,11-17 years
2018-07-17 14:34,10 and Under
2018-07-18 10:30,10 and Under
2018-07-18 10:49,10 and Under
2018-07-18 11:04,18+
2018-07-18 11:29,10 and Under
2018-07-18 11:42,10 and Under
2018-07-18 11:45,Skip
2018-07-18 11:52,10 and Under
2018-07-18 12:35,Skip
2018-07-18 12:39,10 and Under
2018-07-18 12:40,11-17 years
2018-07-18 12:43,Skip
2018-07-18 12:59,18+
2018-07-18 13:07,11-17 years
2018-07-18 13:15,Skip
2018-07-18 13:16,18+
2018-07-18 13:33,10 and Under
2018-07-18 13:35,18+
2018-07-18 14:02,11-17 years
2018-07-18 14:04,11-17 years
2018-07-18 14:31,10 and Under
2018-07-18 14:35,10 and Under
2018-07-19 10:32,10 and Under
2018-07-19 10:57,18+
2018-07-19 10:59,11-17 years
2018-07-19 11:01,10 and Under
2018-07-19 11:25,11-17 years
2018-07-19 11:47,11-17 years
2018-07-19 12:15,Skip
2018-07-19 13:09,10 and Under
2018-07-19 13:11,10 and Under
2018-07-19 13:18,11-17 years
2018-07-19 13:22,18+
2018-07-19 13:52,11-17 years
2018-07-19 14:28,Skip
2018-07-19 14:36,10 and Under
2018-07-19 14:50,18+
2018-07-20 10:19,18+
2018-07-20 10:34,10 and Under
2018-07-20 10:50,Skip
2018-07-20 11:06,11-17 years
2018-07-20 11:08,18+
2018-07-20 11:11,10 and Under
2018-07-20 11:18,18+
2018-07-20 11:58,18+
2018-07-20 12:04,18+
2018-07-20 12:35,Skip
2018-07-20 12:51,18+
2018-07-20 12:57,10 and Under
2018-07-20 13:00,18+
2018-07-20 13:14,11-17 years
2018-07-20 13:29,18+
2018-07-20 13:42,10 and Under
2018-07-20 13:48,11-17 years
2018-07-20 13:51,11-17 years
2018-07-20 13:53,10 and Under
2018-07-20 13:55,10 and Under
2018-07-20 13:59,10 and Under
2018-07-20 14:10,10 and Under
2018-07-20 14:13,10 and Under
2018-07-20 14:19,11-17 years
2018-07-20 14:22,11-17 years
2018-07-20 14:53,10 and Under
2018-07-20 14:56,18+
2018-07-20 15:02,10 and Under
2018-07-21 10:18,11-17 years
2018-07-21 10:20,11-17 years
2018-07-21 10:20,18+
2018-07-21 10:27,10 and Under
2018-07-21 10:40,Skip
2018-07-21 10:42,10 and Under
2018-07-21 10:49,18+
2018-07-21 11:03,11-17 years
2018-07-21 11:08,18+
2018-07-21 11:13,18+
2018-07-21 11:46,18+
2018-07-21 11:50,18+
2018-07-21 12:02,18+
2018-07-21 12:12,10 and Under
2018-07-21 12:29,11-17 years
2018-07-21 12:30,18+
2018-07-21 12:31,10 and Under
2018-07-21 12:44,18+
2018-07-21 12:47,11-17 years
2018-07-21 12:54,11-17 years
2018-07-21 12:59,10 and Under
2018-07-21 13:04,11-17 years
2018-07-21 13:22,18+
2018-07-21 13:31,11-17 years
2018-07-21 13:50,11-17 years
2018-07-21 14:00,18+
2018-07-21 14:09,18+
2018-07-21 14:13,Skip
2018-07-21 14:22,18+
2018-07-22 10:24,10 and Under
2018-07-22 10:36,Skip
2018-07-22 10:43,Skip
2018-07-22 11:25,10 and Under
2018-07-22 11:42,18+
2018-07-22 12:19,10 and Under
2018-07-22 12:25,10 and Under
2018-07-22 12:30,18+
2018-07-22 12:44,Skip
2018-07-22 12:59,10 and Under
2018-07-22 13:04,10 and Under
2018-07-22 13:15,18+
2018-07-22 13:17,18+
2018-07-22 13:22,Skip
2018-07-22 13:31,18+
2018-07-22 13:34,10 and Under
2018-07-22 13:36,11-17 years
2018-07-22 13:40,11-17 years
2018-07-22 13:42,18+
2018-07-22 14:11,10 and Under
2018-07-22 14:47,Skip
2018-07-22 14:49,18+
2018-07-22 14:50,18+
2018-07-22 14:57,10 and Under
2018-07-23 10:48,10 and Under
2018-07-23 11:30,11-17 years
2018-07-23 11:44,10 and Under
2018-07-23 12:06,18+
2018-07-23 12:34,18+
2018-07-23 12:44,18+
2018-07-23 13:06,Skip
2018-07-23 13:38,11-17 years
2018-07-23 13:38,Skip
2018-07-23 13:52,11-17 years
2018-07-23 14:53,18+
2018-07-23 15:02,Skip
2018-07-23 15:08,18+
2018-07-24 10:36,11-17 years
2018-07-24 10:36,11-17 years
2018-07-24 11:03,10 and Under
2018-07-24 11:13,18+
2018-07-24 11:31,10 and Under
2018-07-24 11:39,10 and Under
2018-07-24 11:42,10 and Under
2018-07-24 12:01,11-17 years
2018-07-24 12:02,11-17 years
2018-07-24 12:32,11-17 years
2018-07-24 12:38,11-17 years
2018-07-24 12:40,10 and Under
2018-07-24 12:51,18+
2018-07-24 12:56,Skip
2018-07-24 13:13,11-17 years
2018-07-24 13:35,18+
2018-07-24 13:50,18+
2018-07-24 14:02,18+
2018-07-24 14:23,18+
2018-07-24 14:32,Skip
2018-07-24 14:34,10 and Under
2018-07-24 14:39,18+
2018-07-24 14:56,11-17 years
2018-07-25 10:27,11-17 years
2018-07-25 10:54,11-17 years
2018-07-25 10:55,18+
2018-07-25 10:58,Skip
2018-07-25 11:10,11-17 years
2018-07-25 11:19,11-17 years
2018-07-25 11:27,18+
2018-07-25 12:04,Skip
2018-07-25 12:21,10 and Under
2018-07-25 12:22,11-17 years
2018-07-25 12:23,10 and Under
2018-07-25 12:35,18+
2018-07-25 12:47,10 and Under
2018-07-25 12:49,Skip
2018-07-25 14:08,18+
2018-07-25 14:25,10 and Under
2018-07-25 14:35,18+
2018-07-25 14:38,11-17 years
2018-07-25 14:53,10 and Under
2018-07-25 15:00,18+
2018-07-26 10:38,11-17 years
2018-07-26 10:47,10 and Under
2018-07-26 10:58,Skip
2018-07-26 11:23,10 and Under
2018-07-26 11:32,11-17 years
2018-07-26 11:44,10 and Under
2018-07-26 12:10,Skip
2018-07-26 12:28,18+
2018-07-26 12:51,18+
2018-07-26 13:10,10 and Under
2018-07-26 13:21,10 and Under
2018-07-26 13:34,18+
2018-07-26 13:59,10 and Under
2018-07-26 14:00,10 and Under
2018-07-26 14:15,18+
2018-07-26 14:15,18+
2018-07-26 14:17,11-17 years
2018-07-26 14:31,11-17 years
2018-07-27 10:11,18+
2018-07-27 11:10,Skip
2018-07-27 11:22,18+
2018-07-27 11:27,11-17 years
2018-07-27 11:30,10 and Under
2018-07-27 11:33,18+
2018-07-27 11:38,10 and Under
2018-07-27 11:48,10 and Under
2018-07-27 11:49,10 and Under
2018-07-27 11:53,10 and Under
2018-07-27 12:00,10 and Under
2018-07-27 12:10,10 and Under
2018-07-27 12:15,10 and Under
2018-07-27 12:18,10 and Under
2018-07-27 12:20,10 and Under
2018-07-27 12:28,10 and Under
2018-07-27 12:34,18+
2018-07-27 12:35,10 and Under
2018-07-27 12:37,10 and Under
2018-07-27 12:40,Skip
2018-07-27 12:47,18+
2018-07-27 12:49,10 and Under
2018-07-27 12:52,10 and Under
2018-07-27 12:55,10 and Under
2018-07-27 12:56,10 and Under
2018-07-27 13:03,11-17 years
2018-07-27 13:03,Skip
2018-07-27 13:04,Skip
2018-07-27 13:05,Skip
2018-07-27 13:22,Skip
2018-07-27 13:24,10 and Under
2018-07-28 10:18,11-17 years
2018-07-28 10:51,10 and Under
2018-07-28 10:57,18+
2018-07-28 11:01,11-17 years
2018-07-28 11:04,11-17 years
2018-07-28 11:06,10 and Under
2018-07-28 11:19,18+
2018-07-28 11:22,18+
2018-07-28 11:41,18+
2018-07-28 11:42,18+
2018-07-28 12:06,18+
2018-07-28 12:10,10 and Under
2018-07-28 12:25,18+
2018-07-28 12:32,18+
2018-07-28 12:42,18+
2018-07-28 12:46,18+
2018-07-28 12:50,18+
2018-07-28 13:13,18+
2018-07-28 13:22,10 and Under
2018-07-28 13:29,10 and Under
2018-07-28 13:31,18+
2018-07-28 13:34,10 and Under
2018-07-28 13:37,18+
2018-07-28 13:39,11-17 years
2018-07-28 13:49,18+
2018-07-28 13:55,18+
2018-07-28 13:56,11-17 years
2018-07-28 13:57,18+
2018-07-28 14:01,10 and Under
2018-07-28 14:06,18+
2018-07-28 14:18,18+
2018-07-29 11:09,18+
2018-07-29 11:27,11-17 years
2018-07-29 11:44,Skip
2018-07-29 12:04,18+
2018-07-29 12:08,18+
2018-07-29 12:47,10 and Under
2018-07-29 12:48,18+
2018-07-29 12:53,18+
2018-07-29 13:04,18+
2018-07-29 13:13,18+
2018-07-29 13:23,18+
2018-07-29 13:25,18+
2018-07-29 13:42,11-17 years
2018-07-29 13:43,Skip
2018-07-29 13:47,11-17 years
2018-07-29 14:11,11-17 years
2018-07-29 14:45,11-17 years
2018-07-29 14:56,10 and Under
2018-07-29 14:58,11-17 years
2018-07-30 10:34,18+
2018-07-30 11:03,18+
2018-07-30 11:12,10 and Under
2018-07-30 11:15,11-17 years
2018-07-30 11:21,18+
2018-07-30 11:37,18+
2018-07-30 11:54,10 and Under
2018-07-30 11:56,11-17 years
2018-07-30 12:02,11-17 years
2018-07-30 12:08,18+
2018-07-30 12:18,18+
2018-07-30 12:58,11-17 years
2018-07-30 13:00,18+
2018-07-30 13:13,10 and Under
2018-07-30 14:03,18+
2018-07-30 14:32,10 and Under
2018-07-30 14:49,11-17 years
2018-07-30 14:52,10 and Under
2018-07-30 14:58,10 and Under
2018-08-01 12:47,18+
2018-08-01 12:57,Skip
2018-08-01 13:51,11-17 years
2018-08-01 13:53,10 and Under
2018-08-01 14:10,11-17 years
2018-08-01 14:38,10 and Under
2018-08-01 14:40,18+
2018-08-01 14:53,11-17 years
2018-08-01 14:56,18+
2018-08-02 10:16,Skip
2018-08-02 10:33,18+
2018-08-02 10:46,18+
2018-08-02 11:02,18+
2018-08-02 11:05,Skip
2018-08-02 11:38,11-17 years
2018-08-02 11:55,18+
2018-08-02 12:02,10 and Under
2018-08-02 12:07,10 and Under
2018-08-02 12:08,10 and Under
2018-08-02 12:55,18+
2018-08-02 12:57,10 and Under
2018-08-02 13:00,Skip
2018-08-02 13:01,18+
2018-08-02 13:21,10 and Under
2018-08-02 13:43,11-17 years
2018-08-02 14:09,11-17 years
2018-08-02 14:13,10 and Under
2018-08-02 14:23,18+
2018-08-02 14:42,10 and Under
2018-08-02 14:49,18+
2018-08-03 10:26,Skip
2018-08-03 10:34,11-17 years
2018-08-03 10:39,10 and Under
2018-08-03 10:43,18+
2018-08-03 11:02,Skip
2018-08-03 11:03,18+
2018-08-03 11:29,Skip
2018-08-03 11:31,Skip
2018-08-03 11:48,18+
2018-08-03 11:58,10 and Under
2018-08-03 12:05,10 and Under
2018-08-03 12:18,10 and Under
2018-08-03 12:22,10 and Under
2018-08-03 12:27,Skip
2018-08-03 12:44,18+
2018-08-03 13:13,10 and Under
2018-08-03 13:35,10 and Under
2018-08-03 14:02,Skip
2018-08-03 14:11,Skip
2018-08-03 14:40,Skip
2018-08-03 14:54,10 and Under
2018-08-04 10:21,18+
2018-08-04 10:53,18+
2018-08-04 10:56,10 and Under
2018-08-04 10:59,Skip
2018-08-04 11:26,10 and Under
2018-08-04 11:32,18+
2018-08-04 12:09,18+
2018-08-04 12:25,18+
2018-08-04 12:27,10 and Under
2018-08-04 12:30,18+
2018-08-04 12:32,18+
2018-08-04 12:40,10 and Under
2018-08-04 12:42,10 and Under
2018-08-04 12:50,11-17 years
2018-08-04 13:00,18+
2018-08-04 13:03,18+
2018-08-04 13:05,Skip
2018-08-04 13:10,11-17 years
2018-08-04 13:24,10 and Under
2018-08-04 13:27,10 and Under
2018-08-04 13:49,Skip
2018-08-04 14:01,Skip
2018-08-04 14:03,Skip
2018-08-04 14:07,18+
2018-08-04 14:09,10 and Under
2018-08-04 14:10,11-17 years
2018-08-04 14:14,11-17 years
2018-08-04 14:16,10 and Under
2018-08-04 14:44,18+
2018-08-05 10:59,Skip
2018-08-05 11:03,10 and Under
2018-08-05 11:29,18+
2018-08-05 11:31,10 and Under
2018-08-05 12:15,18+
2018-08-05 12:52,10 and Under
2018-08-05 12:54,11-17 years
2018-08-05 12:55,18+
2018-08-05 13:05,Skip
2018-08-05 13:16,11-17 years
2018-08-05 13:27,18+
2018-08-05 13:32,18+
2018-08-05 13:36,10 and Under
2018-08-05 13:50,10 and Under
2018-08-05 14:00,18+
2018-08-05 14:03,10 and Under
2018-08-05 14:05,18+
2018-08-05 14:24,18+
2018-08-05 14:27,11-17 years
2018-08-05 14:30,10 and Under
2018-08-05 14:41,18+
2018-08-05 14:42,18+
2018-08-06 10:24,18+
2018-08-06 10:25,18+
2018-08-06 10:26,18+
2018-08-06 10:58,10 and Under
2018-08-06 11:06,10 and Under
2018-08-06 11:18,11-17 years
2018-08-06 11:20,18+
2018-08-06 11:21,Skip
2018-08-06 11:22,18+
2018-08-06 11:38,10 and Under
2018-08-06 11:39,11-17 years
2018-08-06 11:44,10 and Under
2018-08-06 11:46,10 and Under
2018-08-06 11:48,10 and Under
2018-08-06 11:52,Skip
2018-08-06 12:04,10 and Under
2018-08-06 12:07,10 and Under
2018-08-06 12:19,18+
2018-08-06 12:22,18+
2018-08-06 12:23,10 and Under
2018-08-06 12:26,10 and Under
2018-08-06 12:26,Skip
2018-08-06 12:28,10 and Under
2018-08-06 12:41,Skip
2018-08-06 12:42,18+
2018-08-06 12:52,11-17 years
2018-08-06 13:20,18+
2018-08-07 10:19,10 and Under
2018-08-07 10:41,18+
2018-08-07 10:55,Skip
2018-08-07 11:28,10 and Under
2018-08-07 11:29,Skip
2018-08-07 11:59,10 and Under
2018-08-07 12:13,18+
2018-08-07 12:17,11-17 years
2018-08-07 12:18,11-17 years
2018-08-07 12:24,18+
2018-08-07 12:36,11-17 years
2018-08-07 12:50,10 and Under
2018-08-07 13:07,Skip
2018-08-07 13:13,10 and Under
2018-08-07 13:14,11-17 years
2018-08-07 13:22,10 and Under
2018-08-07 13:24,18+
2018-08-07 13:39,10 and Under
2018-08-07 14:08,18+
2018-08-07 14:09,Skip
2018-08-07 14:16,11-17 years
2018-08-07 14:23,10 and Under
2018-08-07 14:26,18+
2018-08-07 14:39,10 and Under
2018-08-07 14:44,11-17 years
2018-08-07 14:46,11-17 years
2018-12-27 08:55,Skip
2018-12-27 13:54,18+
2018-12-27 14:16,Skip
2018-12-27 14:50,18+
